Profession	Catégorie
électricien	Artisans, commerçants et chefs d’entreprise
bonnetier	Artisans, commerçants et chefs d’entreprise
blanchisseur	Artisans, commerçants et chefs d’entreprise
charpentier en fer	Ouvriers
ouvrier agricole	Ouvriers
garçon coiffeur	Ouvriers
garçon	Employés
chasseur cycliste	Ouvriers
houilleur	Ouvriers
poseur	Artisans, commerçants et chefs d’entreprise
faïencier	Artisans, commerçants et chefs d’entreprise
garçon de salle	Employés
marchand de faïences	Artisans, commerçants et chefs d’entreprise
volailleur	Artisans, commerçants et chefs d’entreprise
graveur	Artisans, commerçants et chefs d’entreprise
polisseur en métaux	Ouvriers
tailleur d'habits	Artisans, commerçants et chefs d’entreprise
perruquier	Artisans, commerçants et chefs d’entreprise
entrepreneur de maçonnerie	Artisans, commerçants et chefs d’entreprise
vendeur aux halles	Employés
forgeron serrurier	Ouvriers
forgeron	Ouvriers
garçon de culture	Employés
chauffeur de machines	Ouvriers
tanneur	Ouvriers
potier d'étain	Artisans, commerçants et chefs d’entreprise
automobiliste	Professions intermédiaires
ouvrier fondeur	Ouvriers
réceptionnaire	Employés
berger	Agriculteurs
menuisier ébéniste	Artisans, commerçants et chefs d’entreprise
prospecteur colonial	Cadres
tulliste	Ouvriers
sabotier	Artisans, commerçants et chefs d’entreprise
marchand de chiffons	Artisans, commerçants et chefs d’entreprise
garçon de magasin	Employés
conducteur imprimeur	Ouvriers
charpentier en bateaux	Ouvriers
manoeuvre d'équipe télégraphique	Ouvriers
tailleur de pierre	Artisans, commerçants et chefs d’entreprise
doreur sur bois	Artisans, commerçants et chefs d’entreprise
garde-champêtre	Employés
doreur	Artisans, commerçants et chefs d’entreprise
peintre en bâtiments	Ouvriers
serrurier ajusteur	Ouvriers
chauffeur mécanicien	Ouvriers
mécanicien ajusteur	Ouvriers
ajusteur mécanicien	Ouvriers
chauffeur de locomotive	Ouvriers
mécanicien dentiste	Cadres
chauffeur	Ouvriers
mineur	Ouvriers
plombier	Artisans, commerçants et chefs d’entreprise
régisseur de vignoble	Cadres
vigneron	Agriculteurs
chef vigneron	Cadres
cuisinier pâtissier	Artisans, commerçants et chefs d’entreprise
cocher-livreur	Employés
nourrisseur	Employés
marchand de bestiaux	Artisans, commerçants et chefs d’entreprise
plombier-couvreur	Ouvriers
mouleur en bronze	Ouvriers
fileur	Ouvriers
marchand de quatre saisons	Artisans, commerçants et chefs d’entreprise
facteur des postes	Employés
vendeuse	Employés
horloger	Artisans, commerçants et chefs d’entreprise
tripière	Ouvriers
tripier	Ouvriers
débitante	Employés
garçon charcutier	Employés
chauffeur d'automobiles	Ouvriers
conducteur de voitures	Ouvriers
employé aux chemins de fer	Employés
employé de bureau	Employés
garçon de café	Employés
garçon de restaurant	Employés
cimentier	Ouvriers
domestique de ferme	Agriculteurs
marchand-forain	Artisans, commerçants et chefs d’entreprise
peintre sur porcelaine	Artisans, commerçants et chefs d’entreprise
marchand	Artisans, commerçants et chefs d’entreprise
tailleur	Artisans, commerçants et chefs d’entreprise
employé comptable	Employés
verrier	Artisans, commerçants et chefs d’entreprise
domestique	Employés
représentant de commerce	Cadres
inspecteur d'assurances	Cadres
réparateur d'objets d'art	Artisans, commerçants et chefs d’entreprise
imprimeur	Ouvriers
étudiant	Cadres
limonadier	Employés
cahoutchoutier	Ouvriers
ouvrier d'usine	Ouvriers
commis de marchand de vins	Employés
voyageur de commerce	Cadres
conducteur de bestiaux	Ouvriers
scieur	Ouvriers
peintre	Artisans, commerçants et chefs d’entreprise
télégraphiste	Ouvriers
employé d'hôtel	Employés
ouvrier agricole	Agriculteurs
docteur en médecine	Cadres
charron	Ouvriers
terrassier	Ouvriers
tonnelier	Ouvriers
ébéniste	Artisans, commerçants et chefs d’entreprise
pâtissier	Artisans, commerçants et chefs d’entreprise
journalier coiffeur	Ouvriers
tourneur sur métaux	Ouvriers
comptable	Cadres
marin-pêcheur	Agriculteurs
bardeur	Ouvriers
caissier	Employés
coltineur	Ouvriers
apprêteur sur étoffes	Artisans, commerçants et chefs d’entreprise
berger	Agriculteurs
charretier de labours	Agriculteurs
ouvrier en chaussures	Ouvriers
chaudronnier	Ouvriers
aide-chaudronnier	Ouvriers
chauffeur d'usine	Employés
vendeur d'automobiles	Employés
chaudronnier en fer	Ouvriers
garde-barrière	Employés
employé de banque	Professions intermédiaires
maître d'hôtel	Employés
employé de commerce	Employés
apiculteur	Agriculteurs
frappeur sur feux	Artisans, commerçants et chefs d’entreprise
valet de chambre	Employés
ouvrier boulanger	Ouvriers
charretier	Ouvriers
acteur dramatique	Cadres
peintre	Artisans, commerçants et chefs d’entreprise
peintre en bâtiments	Artisans, commerçants et chefs d’entreprise
garçon de courses	Employés
entrepreneur de plomberie	Artisans, commerçants et chefs d’entreprise
domestique de culture	Agriculteurs
riveur	Ouvriers
aide-comptable	Professions intermédiaires
ramoneur	Ouvriers
emballeur	Ouvriers
épicier	Employés
marinier	Professions intermédiaires
matelassier	Artisans, commerçants et chefs d’entreprise
camionneur	Ouvriers
chapelier	Artisans, commerçants et chefs d’entreprise
cocher	Employés
typographe	Ouvriers
livreur	Employés
artisan	Artisans, commerçants et chefs d’entreprise
mégissier	Ouvriers
ouvrier	Ouvriers
bachelier	Cadres
praticien	Cadres
bijoutier	Artisans, commerçants et chefs d’entreprise
moutier	Agriculteurs
pelletier	Ouvriers
technicien	Professions intermédiaires
doigtier	Ouvriers
médecin	Cadres
muletier	Agriculteurs
rattacheur	Ouvriers
quartier-maître	Professions intermédiaires
machiniste	Ouvriers
boucher	Artisans, commerçants et chefs d’entreprise
travailleur	Ouvriers
industriel	Artisans, commerçants et chefs d’entreprise
maître	Professions intermédiaires
mécano	Ouvriers
liftier	Ouvriers
agent	Professions intermédiaires
qualifié	Cadres
maître queux	Artisans, commerçants et chefs d’entreprise
fermier	Agriculteurs
soignant	Professions intermédiaires
magistrat	Cadres
débitant en verre	Artisans, commerçants et chefs d’entreprise
débitant	Artisans, commerçants et chefs d’entreprise
courrier-postal	Employés
façonnier	Artisans, commerçants et chefs d’entreprise
messer	Ouvriers
plantier	Agriculteurs
manufacturier	Artisans, commerçants et chefs d’entreprise
grainetier	Ouvriers
méger	Ouvriers
mécanicien	Ouvriers
meulier	Ouvriers
mécaniste	Ouvriers
tissutier	Artisans, commerçants et chefs d’entreprise
métallurgiste	Ouvriers
miroitier	Ouvriers
officier	Cadres
platrier	Artisans, commerçants et chefs d’entreprise
tapissier	Artisans, commerçants et chefs d’entreprise
charpentier en bois	Artisans, commerçants et chefs d’entreprise
ex-apprenti	Professions intermédiaires
acteur	Cadres
carrier ardoisier	Ouvriers
ex-maître	Professions intermédiaires
couturier	Artisans, commerçants et chefs d’entreprise
orfèvre	Artisans, commerçants et chefs d’entreprise
outilleur	Ouvriers
clerc	Professions intermédiaires
bottier	Artisans, commerçants et chefs d’entreprise
cloutier	Ouvriers
fagotier	Ouvriers
infirmier	Professions intermédiaires
chirurgien	Cadres
maîtresse	Professions intermédiaires
quartier	Agriculteurs
meunier	Artisans, commerçants et chefs d’entreprise
manoeuvre	Ouvriers
détective privé	Cadres
négociant	Cadres
élève en pharmacie	Cadres
commis-pharmacien	Professions intermédiaires
dessinateur	Cadres
fondeur	Artisans, commerçants et chefs d’entreprise
viticulteur	Agriculteurs
dragueur de sable	Ouvriers
garçon d'hôtel	Employés
employé de cinéma	Employés
artiste lyrique	Cadres
charbonnier	Ouvriers
ouvrier quinier	Ouvriers
ajusteur	Ouvriers
artiste	Cadres
artiste acrobate	Cadres
acrobate	Cadres
carrossier	Artisans, commerçants et chefs d’entreprise
rempailleur ambulant	Ouvriers
cocher de louage	Ouvriers
décolleteur	Ouvriers
plâtrier-peintre	Artisans, commerçants et chefs d’entreprise
sous-officier rengagé	Cadres
ouvrier bisquetier	Ouvriers
ouvrier horloger	Ouvriers
manoeuvre d'usine	Ouvriers
ouvrier pâtissier	Ouvriers
peintre en voitures	Ouvriers
peintre en lettres	Artisans, commerçants et chefs d’entreprise
entrepreneur en bâtiments	Artisans, commerçants et chefs d’entreprise
glacier	Artisans, commerçants et chefs d’entreprise
tôlier en automobiles	Ouvriers
ouvrier quincailler	Ouvriers
lamineur	Ouvriers
dessinateur	Artistes
peintre décorateur	Artisans, commerçants et chefs d’entreprise
propriétaire	Artisans, commerçants et chefs d’entreprise
terrassier-mineur	Ouvriers
employé des postes	Employés
officier d'administration	Cadres
houilleur	Ouvriers
chef de culture	Agriculteurs
planteur cultivateur	Agriculteurs
marchand d'abats	Artisans, commerçants et chefs d’entreprise
surveillant de travaux	Employés
paveur	Ouvriers
marchand de métaine	Artisans, commerçants et chefs d’entreprise
garçon boucher	Employés
serrurier ajusteur	Artisans, commerçants et chefs d’entreprise
ébarbeur	Ouvriers
étudiant en médecine	Cadres
minier	Ouvriers
minotier	Artisans, commerçants et chefs d’entreprise
journalier	Ouvriers
scaphandrier	Professions intermédiaires
négociant en tissus	Artisans, commerçants et chefs d’entreprise
métallo	Ouvriers
officiant	Professions intermédiaires
couvreur zingueur	Artisans, commerçants et chefs d’entreprise
fabricant de chapellerie	Artisans, commerçants et chefs d’entreprise
boulevardier	Ouvriers
peintre sur porcelaine	Artisans, commerçants et chefs d’entreprise
ouvrier de filature	Ouvriers
débardeur	Ouvriers
maçon-cimentier	Artisans, commerçants et chefs d’entreprise
charretier	Ouvriers
crevettier	Agriculteurs
clerc de notaire	Professions intermédiaires
mentonnier	Artisans, commerçants et chefs d’entreprise
meneau	Agriculteurs
papetier	Artisans, commerçants et chefs d’entreprise
liquoriste	Artisans, commerçants et chefs d’entreprise
aumônier	Professions intermédiaires
facturier	Professions intermédiaires
ex-mercenaire	Cadres
thérapeute	Professions intermédiaires
moine	Professions intermédiaires
louvetier	Professions intermédiaires
servant	Employés
carrier	Ouvriers
monteur-ajusteur	Professions intermédiaires
lithographe	Artisans, commerçants et chefs d’entreprise
maquignon	Artisans, commerçants et chefs d’entreprise
garçon livreur	Employés
élève à l'école préparatoire	Cadres
poseur de voies	Ouvriers
boucher-charcutier	Artisans, commerçants et chefs d’entreprise
palfrenier	Ouvriers
forain	Artisans, commerçants et chefs d’entreprise
teinturier	Artisans, commerçants et chefs d’entreprise
garçon de lavoir	Employés
marbrier	Artisans, commerçants et chefs d’entreprise
décolleteur	Ouvriers
plombier-zingueur	Artisans, commerçants et chefs d’entreprise
scieur de long	Ouvriers
cocher de paire	Ouvriers
ex-génie	Cadres
baumier	Ouvriers
métayer	Ouvriers
enseignant	Professions intermédiaires
contremaître	Professions intermédiaires
rempailleur	Artisans, commerçants et chefs d’entreprise
rempailleur de chaises	Artisans, commerçants et chefs d’entreprise
polisseur	Ouvriers
ferronnier	Artisans, commerçants et chefs d’entreprise
pompier	Professions intermédiaires
consultant	Cadres
plumier	Artisans, commerçants et chefs d’entreprise
footballeur	Professions intermédiaires
médecin-chef	Cadres
forgeron	Artisans, commerçants et chefs d’entreprise
lunetier	Artisans, commerçants et chefs d’entreprise
peaucier	Ouvriers
gantier	Artisans, commerçants et chefs d’entreprise
crémier	Employés
employé	Employés
grutier	Ouvriers
audiencier	Cadres
coutelier	Artisans, commerçants et chefs d’entreprise
diamantaire	Artisans, commerçants et chefs d’entreprise
charcutier	Artisans, commerçants et chefs d’entreprise
médecin-major	Cadres
salarié	Employés
mercier	Artisans, commerçants et chefs d’entreprise
bouvier	Agriculteurs
ex-sergent	Cadres
créancier	Cadres
ambulancier	Professions intermédiaires
soutier	Ouvriers
secouriste	Professions intermédiaires
platière	Artisans, commerçants et chefs d’entreprise
chartiste	Cadres
recruteur	Cadres
cellérier	Artisans, commerçants et chefs d’entreprise
sertisseur	Artisans, commerçants et chefs d’entreprise
peaussier	Ouvriers
avocat	Cadres
ingénieur	Industriels
chamelier	Artisans, commerçants et chefs d’entreprise
mancenillier	Agriculteurs
chevrier	Agriculteurs
docteur	Cadres
afféterie	Ouvriers
machino	Professions intermédiaires
facteur	Employés
actuaire	Cadres
tourneur ajusteur	Ouvriers
faiseur	Professions intermédiaires
médecin-conseil	Cadres
opérateur	Ouvriers
jésuitière	Religieux
compotier	Artisans, commerçants et chefs d’entreprise
homéopathe	Cadres
ferblantier	Artisans, commerçants et chefs d’entreprise
conseiller	Cadres
cuisinier	Employés
cravatier	Artisans, commerçants et chefs d’entreprise
corsetier	Artisans, commerçants et chefs d’entreprise
maître-chien	Professions intermédiaires
commerçant	Artisans, commerçants et chefs d’entreprise
maréchal-ferrant	Artisans, commerçants et chefs d’entreprise
huissier	Professions intermédiaires
dentellier	Artisans, commerçants et chefs d’entreprise
batelier	Ouvriers
bûcheron	Ouvriers
soigneur	Professions intermédiaires
puisatier	Ouvriers
voiturier	Ouvriers
luthier	Artisans, commerçants et chefs d’entreprise
éclusier	Ouvriers
méhariste	Ouvriers
greffier	Professions intermédiaires
bailleur	Artisans, commerçants et chefs d’entreprise
artiste	Artisans, commerçants et chefs d’entreprise
barbier	Artisans, commerçants et chefs d’entreprise
bouquetier	Artisans, commerçants et chefs d’entreprise
main-d'oeuvre	Ouvriers
cantonnier	Ouvriers
canotier	Ouvriers
confectionneur	Artisans, commerçants et chefs d’entreprise
auxiliaire	Employés
huilier	Artisans, commerçants et chefs d’entreprise
fonctionnaire	Employés
bâtonnier	Cadres
coursier	Employés
briquetier	Artisans, commerçants et chefs d’entreprise
courtier	Cadres
boulanger	Artisans, commerçants et chefs d’entreprise
mathématicien	Cadres
militaire	Professions intermédiaires
ex-plâtrier	Ouvriers
mécanicien en dirigeable	Agriculteurs
aide-infirmier	Professions intermédiaires
tisserand	Ouvriers
paysan	Agriculteurs
prêtre-ouvrier	Professions intermédiaires
débiteur	Artisans, commerçants et chefs d’entreprise
cordonnier	Artisans, commerçants et chefs d’entreprise
rentier	Artisans, commerçants et chefs d’entreprise
ânier	Agriculteurs
musicien	Cadres
ouvrier boulanger électricien	Ouvriers
ouvrier électricien	Ouvriers
guérisseur	Professions intermédiaires
puériculteur	Professions intermédiaires
journaliste	Cadres
clinicien	Cadres
infirmière-major	Professions intermédiaires
kinésithérapeute	Professions intermédiaires
journalière	Ouvriers
potier	Artisans, commerçants et chefs d’entreprise
jardinier	Artisans, commerçants et chefs d’entreprise
hôtelier	Artisans, commerçants et chefs d’entreprise
aérostier	Artisans, commerçants et chefs d’entreprise
brancardier	Professions intermédiaires
astronome	Cadres
principal	Cadres
verrier	Artisans, commerçants et chefs d’entreprise
collaborateur	Cadres
contremaîtresse	Ouvriers
masseur	Professions intermédiaires
mandataire	Cadres
drapier	Artisans, commerçants et chefs d’entreprise
éboueur	Ouvriers
graphiste	Cadres
sellier	Artisans, commerçants et chefs d’entreprise
courtilière	
chirurgien-dentiste	Cadres
éducateur	Professions intermédiaires
restaurateur	Artisans, commerçants et chefs d’entreprise
entrepreneur	Cadres
roulottier	Artisans, commerçants et chefs d’entreprise
hobereau	
directeur	Cadres
chiffonnier	Ouvriers
kolatier	Agriculteurs
pigiste	Professions intermédiaires
pierrier	Ouvriers
mainteneur	Professions intermédiaires
menuisier	Artisans, commerçants et chefs d’entreprise
prothésiste	Professions intermédiaires
bretteur	Cadres
géographe coloniste	Cadres
géographe	Cadres
agent militarisé	Professions intermédiaires
caviste	Artisans, commerçants et chefs d’entreprise
greffier de justice	Professions intermédiaires
garçon-laitier	Ouvriers
garagiste d'automobile	Artisans, commerçants et chefs d’entreprise
biographe	Cadres
minéralier	Professions intermédiaires
monteur fumiste	Ouvriers
camelot	Professions intermédiaires
artiste-comédien	Cadres
champignonniste	Agriculteurs
brocheur-relieur	Artisans, commerçants et chefs d’entreprise
tapissier en meubles	Artisans, commerçants et chefs d’entreprise
ouvrier de fabrique	Ouvriers
étudiant écclésiastique	Cadres
commis des douanes	Employés
élève de l'école centrale	Cadres
mouleur sur cuivre	Ouvriers
guichetier	Employés
formateur	Professions intermédiaires
fleuriste	Artisans, commerçants et chefs d’entreprise
jardinier fleuriste	Agriculteurs
indienneur	Artisans, commerçants et chefs d’entreprise
cimentier	Ouvriers
dessinateur architecte	Cadres
tisseur	Ouvriers
perceur	Ouvriers
historien	Cadres
vétérinaire	Cadres
prospecteur	Artisans, commerçants et chefs d’entreprise
manutentionnaire	Ouvriers
savant	Cadres
faîtière	Ouvriers
faîtier	Ouvriers
dentiste	Cadres
banquier	Cadres
prêteur	Cadres
maçon	Artisans, commerçants et chefs d’entreprise
professeur	Cadres
percepteur	Professions intermédiaires
joaillier	Artisans, commerçants et chefs d’entreprise
premier-maître	Professions intermédiaires
gardien	Employés
ophtalmologue	Cadres
optométriste	Professions intermédiaires
jardinière	Agriculteurs
notaire	Cadres
betteravier	Agriculteurs
îlotier	Employés
rédacteur	Cadres
sauveteur	Professions intermédiaires
tourneur	Artisans, commerçants et chefs d’entreprise
ex-officier	Cadres
instituteur	Professions intermédiaires
couvreur	Artisans, commerçants et chefs d’entreprise
psychiatre	Cadres
passementier	Ouvriers
coiffeur	Artisans, commerçants et chefs d’entreprise
fabricant	Artisans, commerçants et chefs d’entreprise
cacaotier	Agriculteurs
dramaturge	Cadres
ex-artiste	Cadres
gynécologue	Cadres
agriculteur	Agriculteurs
ex-journaliste	Cadres
tailleuse	Artisans, commerçants et chefs d’entreprise
promoteur	Artisans, commerçants et chefs d’entreprise
grumier	Ouvriers
parqueteur	Artisans, commerçants et chefs d’entreprise
aurier bijoutier	Artisans, commerçants et chefs d’entreprise
orthopédiste	Professions intermédiaires
canonnier	Ouvriers
instructeur	Professions intermédiaires
charpentier	Artisans, commerçants et chefs d’entreprise
interprète	Cadres
portier	Employés
photographe	Cadres
écuyer	Employés
échotier	Employés
sculpteur	Artisans, commerçants et chefs d’entreprise
médecin-général	Professions intermédiaires
laboureur	Agriculteurs
expert-comptable	Cadres
charruer	Agriculteurs
ophtalmologiste	Cadres
serrurier	Artisans, commerçants et chefs d’entreprise
bourrier	
cantinier	Employés
costumier	Artisans, commerçants et chefs d’entreprise
météorologiste	Cadres
douanier	Professions intermédiaires
photojournaliste	Cadres
bronzier	Ouvriers
ex-concierge	Employés
businessman	Cadres
précepteur	Cadres
cheminot	Employés
démineur	Professions intermédiaires
odontologue	Cadres
tenancier	Artisans, commerçants et chefs d’entreprise
opticien	Artisans, commerçants et chefs d’entreprise
accessoiriste	Professions intermédiaires
abbé	Professions intermédiaires
ingénieur-chimiste	Cadres
chef	Professions intermédiaires
veilleur	Employés
plombier	Ouvriers
vannier	Artisans, commerçants et chefs d’entreprise
chômeur	autre
cultivateur	Agriculteurs
réalisateur	Cadres
câblier	Ouvriers
pigeonnier	Professions intermédiaires
urgentiste	Professions intermédiaires
paysager	Agriculteurs
gabier	Professions intermédiaires
vannière	Agriculteurs
maquettiste	Artisans, commerçants et chefs d’entreprise
sapeur-pompier	Ouvriers
maître-coq	Artisans, commerçants et chefs d’entreprise
avocat-conseil	Cadres
conseil	Cadres
questeur	Cadres
huîtrière	Agriculteurs
tailleur	Artisans, commerçants et chefs d’entreprise
étameur	Ouvriers
pharmacien	Cadres
ingénieur-conseil	Cadres
musicographe	Cadres
fontainier	Artisans, commerçants et chefs d’entreprise
chef-adjoint	Professions intermédiaires
brossier	Artisans, commerçants et chefs d’entreprise
surveillant	Professions intermédiaires
odontologiste	Professions intermédiaires
mouleur	Ouvriers
bourrelier	Artisans, commerçants et chefs d’entreprise
investisseur	Cadres
ex-pharmacien	Professions intermédiaires
placeur	Employés
fripier	Artisans, commerçants et chefs d’entreprise
commis-voyageur	Employés
imprésario	Cadres
humoriste	Artisans, commerçants et chefs d’entreprise
ex-monteur	Professions intermédiaires
gommier	Agriculteurs
conteur	Cadres
boutiquier	Artisans, commerçants et chefs d’entreprise
ostéopathe	Professions intermédiaires
homardier	Agriculteurs
majordome	Employés
ourdisseur	Ouvriers
tuyauteur	Ouvriers
manoeuvre en couleurs	Ouvriers
ouvrier bonnetier	Ouvriers
aide-cuisinier	Ouvriers
orfèvre	Artisans, commerçants et chefs d’entreprise
soldat boulanger	Ouvriers
porcelainier	Artisans, commerçants et chefs d’entreprise
apprêteur	Ouvriers
aurier bijoutier	Artisans, commerçants et chefs d’entreprise
reporter	Cadres
huîtrier	Agriculteurs
employé de tramway	Employés
gargotier	Artisans, commerçants et chefs d’entreprise
pompiste	Employés
déménageur	Employés
débitant	Artisans, commerçants et chefs d’entreprise
marchand de vins	Artisans, commerçants et chefs d’entreprise
marchand de volailles	Agriculteurs
poissonnier	Agriculteurs
maraîcher	Agriculteurs
marinier	Professions intermédiaires
chef mécanicien	Professions intermédiaires
mêtreur	Ouvriers
modeleur	Artisans, commerçants et chefs d’entreprise
fondeur en cuivre	Ouvriers
enfant de troupe	autre
piqueur de dessin	Ouvriers
secrétaire de mairie	Professions intermédiaires
artiste-comédien	Cadres
apprêteur sur étoffes	Artisans, commerçants et chefs d’entreprise
matelot	Ouvriers
agent de police	Professions intermédiaires
emboutisseur	Ouvriers
publiciste	Cadres
employé aux écritures	Employés
facteur de ville	Employés
relieur	Artisans, commerçants et chefs d’entreprise
commissionnaire	Cadres
planteur cultivateur	Agriculteurs
marié	None
veuf	None
veuve	None
célibataire	None
enfants	None
