agriculteur	Agriculteurs
ânier	Agriculteurs
apiculteur	Agriculteurs
berger	Agriculteurs
betteravier	Agriculteurs
bouvier	Agriculteurs
cacaotier	Agriculteurs
champignonniste	Agriculteurs
charretier de labours	Agriculteurs
charruer	Agriculteurs
chef de culture	Agriculteurs
chevrier	Agriculteurs
crevettier	Agriculteurs
cultivateur	Agriculteurs
cultivateur-vigneron	Agriculteurs
domestique de culture	Agriculteurs
fermier	Agriculteurs
gommier	Agriculteurs
grainetier	Agriculteurs
homardier	Agriculteurs
huîtrier	Agriculteurs
huîtrière	Agriculteurs
kolatier	Agriculteurs
laboureur	Agriculteurs
mancenillier	Agriculteurs
maraîcher	Agriculteurs
marin	Agriculteurs
marin-pêcheur	Agriculteurs
mécanicien en dirigeable	Agriculteurs
meneau	Agriculteurs
moutier	Agriculteurs
muletier	Agriculteurs
paysager	Agriculteurs
paysan	Agriculteurs
planteur cultivateur	Agriculteurs
plantier	Agriculteurs
vigneron	Agriculteurs
viticulteur	Agriculteurs
aérostier	Artisans, commerçants et chefs d’entreprise
apprêteur sur étoffes	Artisans, commerçants et chefs d’entreprise
argenteur-doreur	Artisans, commerçants et chefs d’entreprise
armurier	Artisans, commerçants et chefs d’entreprise
artisan	Artisans, commerçants et chefs d’entreprise
aurier bijoutier	Artisans, commerçants et chefs d’entreprise
barbier	Artisans, commerçants et chefs d’entreprise
bijoutier	Artisans, commerçants et chefs d’entreprise
blanchisseur	Artisans, commerçants et chefs d’entreprise
bonnetier	Artisans, commerçants et chefs d’entreprise
bottier	Artisans, commerçants et chefs d’entreprise
boucher	Artisans, commerçants et chefs d’entreprise
boucher-charcutier	Artisans, commerçants et chefs d’entreprise
boulanger	Artisans, commerçants et chefs d’entreprise
bouquetier	Artisans, commerçants et chefs d’entreprise
bourrelier	Artisans, commerçants et chefs d’entreprise
bourrelier sellier  	Artisans, commerçants et chefs d’entreprise
boutiquier	Artisans, commerçants et chefs d’entreprise
briquetier	Artisans, commerçants et chefs d’entreprise
brocanteur	Artisans, commerçants et chefs d’entreprise
brocheur-relieur	Artisans, commerçants et chefs d’entreprise
brossier	Artisans, commerçants et chefs d’entreprise
carrossier	Artisans, commerçants et chefs d’entreprise
caviste	Artisans, commerçants et chefs d’entreprise
cellérier	Artisans, commerçants et chefs d’entreprise
chamelier	Artisans, commerçants et chefs d’entreprise
chapelier	Artisans, commerçants et chefs d’entreprise
charcutier	Artisans, commerçants et chefs d’entreprise
charpentier	Artisans, commerçants et chefs d’entreprise
charpentier en bateaux	Artisans, commerçants et chefs d’entreprise
charpentier en bois	Artisans, commerçants et chefs d’entreprise
charpentier en fer	Artisans, commerçants et chefs d’entreprise
coiffeur	Artisans, commerçants et chefs d’entreprise
commerçant	Artisans, commerçants et chefs d’entreprise
compotier	Artisans, commerçants et chefs d’entreprise
conducteur imprimeur	Artisans, commerçants et chefs d’entreprise
confectionneur	Artisans, commerçants et chefs d’entreprise
cordonnier	Artisans, commerçants et chefs d’entreprise
corsetier	Artisans, commerçants et chefs d’entreprise
costumier	Artisans, commerçants et chefs d’entreprise
coutelier	Artisans, commerçants et chefs d’entreprise
couturier	Artisans, commerçants et chefs d’entreprise
couvreur	Artisans, commerçants et chefs d’entreprise
couvreur zingueur	Artisans, commerçants et chefs d’entreprise
cravatier	Artisans, commerçants et chefs d’entreprise
cuisinier	Artisans, commerçants et chefs d’entreprise
cuisinier pâtissier	Artisans, commerçants et chefs d’entreprise
débitant	Artisans, commerçants et chefs d’entreprise
débitant en verre	Artisans, commerçants et chefs d’entreprise
débiteur	Artisans, commerçants et chefs d’entreprise
dentellier	Artisans, commerçants et chefs d’entreprise
diamantaire	Artisans, commerçants et chefs d’entreprise
doreur	Artisans, commerçants et chefs d’entreprise
doreur sur bois	Artisans, commerçants et chefs d’entreprise
drapier	Artisans, commerçants et chefs d’entreprise
ébéniste	Artisans, commerçants et chefs d’entreprise
électricien	Artisans, commerçants et chefs d’entreprise
entrepreneur de maçonnerie	Artisans, commerçants et chefs d’entreprise
entrepreneur de plomberie	Artisans, commerçants et chefs d’entreprise
entrepreneur en bâtiments	Artisans, commerçants et chefs d’entreprise
fabricant	Artisans, commerçants et chefs d’entreprise
fabricant de balais	Artisans, commerçants et chefs d’entreprise
fabricant de chapellerie	Artisans, commerçants et chefs d’entreprise
façonnier	Artisans, commerçants et chefs d’entreprise
faïencier	Artisans, commerçants et chefs d’entreprise
ferblantier	Artisans, commerçants et chefs d’entreprise
ferronnier	Artisans, commerçants et chefs d’entreprise
fleuriste	Artisans, commerçants et chefs d’entreprise
fondeur	Artisans, commerçants et chefs d’entreprise
fontainier	Artisans, commerçants et chefs d’entreprise
forain	Artisans, commerçants et chefs d’entreprise
forgeron	Artisans, commerçants et chefs d’entreprise
frappeur sur feux	Artisans, commerçants et chefs d’entreprise
fripier	Artisans, commerçants et chefs d’entreprise
gantier	Artisans, commerçants et chefs d’entreprise
garagiste d'automobile	Artisans, commerçants et chefs d’entreprise
gargotier	Artisans, commerçants et chefs d’entreprise
glacier	Artisans, commerçants et chefs d’entreprise
graveur	Artisans, commerçants et chefs d’entreprise
horloger	Artisans, commerçants et chefs d’entreprise
hôtelier	Artisans, commerçants et chefs d’entreprise
huilier	Artisans, commerçants et chefs d’entreprise
humoriste	Artisans, commerçants et chefs d’entreprise
imprimeur	Artisans, commerçants et chefs d’entreprise
industriel	Artisans, commerçants et chefs d’entreprise
joaillier	Artisans, commerçants et chefs d’entreprise
liquoriste	Artisans, commerçants et chefs d’entreprise
lithographe	Artisans, commerçants et chefs d’entreprise
lunetier	Artisans, commerçants et chefs d’entreprise
luthier	Artisans, commerçants et chefs d’entreprise
maçon	Artisans, commerçants et chefs d’entreprise
maçon-cimentier	Artisans, commerçants et chefs d’entreprise
maître queux	Artisans, commerçants et chefs d’entreprise
maître-coq	Artisans, commerçants et chefs d’entreprise
manufacturier	Artisans, commerçants et chefs d’entreprise
maquettiste	Artisans, commerçants et chefs d’entreprise
maquignon	Artisans, commerçants et chefs d’entreprise
marbrier	Artisans, commerçants et chefs d’entreprise
marchand	Artisans, commerçants et chefs d’entreprise
marchand d'abats	Artisans, commerçants et chefs d’entreprise
marchand de bestiaux	Artisans, commerçants et chefs d’entreprise
marchand de chiffons	Artisans, commerçants et chefs d’entreprise
marchand de faïences	Artisans, commerçants et chefs d’entreprise
marchand de métaine	Artisans, commerçants et chefs d’entreprise
marchand de quatre saisons	Artisans, commerçants et chefs d’entreprise
marchand de vins	Artisans, commerçants et chefs d’entreprise
marchand de volailles	Artisans, commerçants et chefs d’entreprise
marchand-forain	Artisans, commerçants et chefs d’entreprise
maréchal-ferrant	Artisans, commerçants et chefs d’entreprise
matelassier	Artisans, commerçants et chefs d’entreprise
mentonnier	Artisans, commerçants et chefs d’entreprise
menuisier	Artisans, commerçants et chefs d’entreprise
menuisier ébéniste	Artisans, commerçants et chefs d’entreprise
mercier	Artisans, commerçants et chefs d’entreprise
meunier	Artisans, commerçants et chefs d’entreprise
minotier	Artisans, commerçants et chefs d’entreprise
modeleur	Artisans, commerçants et chefs d’entreprise
négociant	Artisans, commerçants et chefs d’entreprise
négociant en tissus	Artisans, commerçants et chefs d’entreprise
opticien	Artisans, commerçants et chefs d’entreprise
orfèvre	Artisans, commerçants et chefs d’entreprise
papetier	Artisans, commerçants et chefs d’entreprise
parqueteur	Artisans, commerçants et chefs d’entreprise
pâtissier	Artisans, commerçants et chefs d’entreprise
peintre	Artisans, commerçants et chefs d’entreprise
peintre décorateur	Artisans, commerçants et chefs d’entreprise
peintre sur porcelaine	Artisans, commerçants et chefs d’entreprise
perruquier	Artisans, commerçants et chefs d’entreprise
platière	Artisans, commerçants et chefs d’entreprise
platrier	Artisans, commerçants et chefs d’entreprise
plâtrier-peintre	Artisans, commerçants et chefs d’entreprise
plombier	Artisans, commerçants et chefs d’entreprise
plombier-zingueur	Artisans, commerçants et chefs d’entreprise
plumier	Artisans, commerçants et chefs d’entreprise
poissonnier	Artisans, commerçants et chefs d’entreprise
porcelainier	Artisans, commerçants et chefs d’entreprise
poseur	Artisans, commerçants et chefs d’entreprise
potier	Artisans, commerçants et chefs d’entreprise
potier d'étain	Artisans, commerçants et chefs d’entreprise
promoteur	Artisans, commerçants et chefs d’entreprise
propriétaire	Artisans, commerçants et chefs d’entreprise
prospecteur	Artisans, commerçants et chefs d’entreprise
relieur	Artisans, commerçants et chefs d’entreprise
rempailleur	Artisans, commerçants et chefs d’entreprise
rentier	Artisans, commerçants et chefs d’entreprise
réparateur d'objets d'art	Artisans, commerçants et chefs d’entreprise
restaurateur	Artisans, commerçants et chefs d’entreprise
roulottier	Artisans, commerçants et chefs d’entreprise
sabotier	Artisans, commerçants et chefs d’entreprise
sculpteur	Artisans, commerçants et chefs d’entreprise
sellier	Artisans, commerçants et chefs d’entreprise
serrurier	Artisans, commerçants et chefs d’entreprise
serrurier ajusteur	Artisans, commerçants et chefs d’entreprise
sertisseur	Artisans, commerçants et chefs d’entreprise
tailleur	Artisans, commerçants et chefs d’entreprise
tailleur d'habits	Artisans, commerçants et chefs d’entreprise
tailleur de pierre	Artisans, commerçants et chefs d’entreprise
tailleuse	Artisans, commerçants et chefs d’entreprise
tanneur	Artisans, commerçants et chefs d’entreprise
tapissier	Artisans, commerçants et chefs d’entreprise
tapissier en meubles	Artisans, commerçants et chefs d’entreprise
teinturier	Artisans, commerçants et chefs d’entreprise
tenancier	Artisans, commerçants et chefs d’entreprise
tissutier	Artisans, commerçants et chefs d’entreprise
vannier	Artisans, commerçants et chefs d’entreprise
vannière	Artisans, commerçants et chefs d’entreprise
verrier	Artisans, commerçants et chefs d’entreprise
volailleur	Artisans, commerçants et chefs d’entreprise
carreleur	Artisans, commerçants et chefs d’entreprise
loueur de voitures	Artisans, commerçants et chefs d’entreprise
quincailler	Artisans, commerçants et chefs d’entreprise
sculpteur sur bois	Artisans, commerçants et chefs d’entreprise
chômeur	autre
enfant de troupe	autre
voyageur	Autre
acrobate	Cadres
acteur	Cadres
acteur dramatique	Cadres
actuaire	Cadres
artiste	Cadres
artiste acrobate	Cadres
artiste dramatique	Cadres
artiste forain	Cadres
artiste lyrique	Cadres
artiste-comédien	Cadres
astronome	Cadres
audiencier	Cadres
avocat	Cadres
avocat-conseil	Cadres
bachelier	Cadres
banquier	Cadres
bâtonnier	Cadres
biographe	Cadres
bretteur	Cadres
businessman	Cadres
chartiste	Cadres
chef vigneron	Cadres
chirurgien	Cadres
chirurgien-dentiste	Cadres
clinicien	Cadres
collaborateur	Cadres
commissionnaire	Cadres
conseil	Cadres
conseiller	Cadres
consultant	Cadres
conteur	Cadres
courtier	Cadres
créancier	Cadres
dentiste	Cadres
dessinateur	Cadres
dessinateur architecte	Cadres
directeur	Cadres
docteur	Cadres
docteur en médecine	Cadres
dramaturge	Cadres
élève à l'école préparatoire	Cadres
élève de l'école centrale	Cadres
élève en pharmacie	Cadres
entrepreneur	Cadres
étudiant	Cadres
étudiant écclésiastique	Cadres
étudiant en médecine	Cadres
ex-artiste	Cadres
ex-génie	Cadres
ex-journaliste	Cadres
ex-mercenaire	Cadres
ex-officier	Cadres
ex-sergent	Cadres
expert-comptable	Cadres
géographe	Cadres
géographe coloniste	Cadres
graphiste	Cadres
gynécologue	Cadres
historien	Cadres
homéopathe	Cadres
imprésario	Cadres
ingénieur	Cadres
ingénieur-chimiste	Cadres
ingénieur-conseil	Cadres
inspecteur d'assurances	Cadres
interprète	Cadres
investisseur	Cadres
journaliste	Cadres
magistrat	Cadres
mandataire	Cadres
mathématicien	Cadres
mécanicien dentiste	Cadres
médecin	Cadres
médecin-chef	Cadres
médecin-conseil	Cadres
médecin-major	Cadres
météorologiste	Cadres
musicien	Cadres
musicographe	Cadres
notaire	Cadres
odontologiste	Cadres
odontologue	Cadres
officier	Cadres
officier d'administration	Cadres
ophtalmologiste	Cadres
ophtalmologue	Cadres
pharmacien	Cadres
photographe	Cadres
photojournaliste	Cadres
praticien	Cadres
précepteur	Cadres
prêteur	Cadres
principal	Cadres
professeur	Cadres
prospecteur colonial	Cadres
psychiatre	Cadres
publiciste	Cadres
questeur	Cadres
réalisateur	Cadres
recruteur	Cadres
rédacteur	Cadres
régisseur de vignoble	Cadres
reporter	Cadres
savant	Cadres
sous-officier rengagé	Cadres
courtier en vins	Cadres
agent d'affaires	Cadres
jockey	Cadres
commisaire de marine marchande	Cadres
conducteur de travaux	Cadres
dessinateur industriel	Cadres
dessinateur charpentier	Cadres
Profession	Catégorie
fourreur    Artisans,	commerçants et chefs d’entreprise
agent militarisé	Employés
auxiliaire	Employés
caissier	Employés
cantinier	Employés
chauffeur d'usine	Employés
cheminot	Employés
commis de marchand de vins	Employés
commis des douanes	Employés
commis-voyageur	Employés
courrier-postal	Employés
coursier	Employés
crémier	Employés
débitante	Employés
déménageur	Employés
domestique	Employés
échotier	Employés
écuyer	Employés
employé	Employés
employé aux chemins de fer	Employés
employé aux écritures	Employés
employé comptable	Employés
employé d'hôtel	Employés
employé de bureau	Employés
employé de cinéma	Employés
employé de commerce	Employés
employé de tramway	Employés
employé des postes	Employés
épicier	Employés
ex-concierge	Employés
facteur	Employés
facteur de ville	Employés
facteur des postes	Employés
fonctionnaire	Employés
garçon	Employés
garçon d'hôtel	Employés
garçon de café	Employés
garçon de courses	Employés
garçon de culture	Employés
garçon de lavoir	Employés
garçon de magasin	Employés
garçon de restaurant	Employés
garçon de salle	Employés
garçon livreur	Employés
garçon-laitier	Employés
garde-barrière	Employés
garde-champêtre	Employés
gardien	Employés
guichetier	Employés
îlotier	Employés
limonadier	Employés
livreur	Employés
maître d'hôtel	Employés
majordome	Employés
nourrisseur	Employés
placeur	Employés
pompiste	Employés
portier	Employés
réceptionnaire	Employés
salarié	Employés
servant	Employés
surveillant de travaux	Employés
télégraphiste	Employés
valet de chambre	Employés
veilleur	Employés
vendeur aux halles	Employés
vendeur d'automobiles	Employés
vendeuse	Employés
commis de la marine	Employés
employé en pharmacie	Employés
employé d'usine	Employés
employé d'octroi	Employés
employé de mairie	Employés
célibataire	None
enfants	None
marié	None
veuf	None
veuve	None
afféterie	Ouvriers
aide-chaudronnier	Ouvriers
aide-cuisinier	Ouvriers
Aide-jardinier	Ouvriers
ajusteur	Ouvriers
ajusteur mécanicien	Ouvriers
apprêteur	Ouvriers
bardeur	Ouvriers
batelier	Ouvriers
baumier	Ouvriers
boulevardier	Ouvriers
bronzier	Ouvriers
bûcheron	Ouvriers
câblier	Ouvriers
cahoutchoutier	Ouvriers
camionneur	Ouvriers
canonnier	Ouvriers
canotier	Ouvriers
cantonnier	Ouvriers
carrier	Ouvriers
carrier ardoisier	Ouvriers
charbonnier	Ouvriers
charretier	Ouvriers
charron	Ouvriers
chasseur cycliste	Ouvriers
chaudronnier	Ouvriers
chaudronnier en fer	Ouvriers
chauffeur	Ouvriers
chauffeur d'automobiles	Ouvriers
chauffeur de locomotive	Ouvriers
chauffeur de machines	Ouvriers
chauffeur maritime	Ouvriers
chauffeur mécanicien	Ouvriers
chiffonnier	Ouvriers
cimentier	Ouvriers
cloutier	Ouvriers
cocher	Ouvriers
cocher de louage	Ouvriers
cocher de paire	Ouvriers
cocher-livreur	Ouvriers
coltineur	Ouvriers
conducteur de bestiaux	Ouvriers
conducteur de voitures	Ouvriers
contremaîtresse	Ouvriers
débardeur	Ouvriers
décolleteur	Ouvriers
doigtier	Ouvriers
domestique de ferme	Ouvriers
dragueur de sable	Ouvriers
ébarbeur	Ouvriers
éboueur	Ouvriers
éclusier	Ouvriers
emballeur	Ouvriers
emboutisseur	Ouvriers
étameur	Ouvriers
ex-plâtrier	Ouvriers
fagotier	Ouvriers
faîtier	Ouvriers
faîtière	Ouvriers
fileur	Ouvriers
fondeur en cuivre	Ouvriers
forgeron serrurier	Ouvriers
garçon boucher	Ouvriers
garçon charcutier	Ouvriers
garçon coiffeur	Ouvriers
grumier	Ouvriers
grutier	Ouvriers
houilleur	Ouvriers
indienneur	Ouvriers
jardinier	Ouvriers
jardinier fleuriste	Ouvriers
jardinière	Ouvriers
journalier	Ouvriers
journalier coiffeur	Ouvriers
journalière	Ouvriers
lamineur	Ouvriers
liftier	Ouvriers
machiniste	Ouvriers
machino	Ouvriers
main-d'oeuvre	Ouvriers
manoeuvre d'équipe télégraphique	Ouvriers
manoeuvre d'usine	Ouvriers
manoeuvre en couleurs	Ouvriers
manouvrier	Ouvriers
manutentionnaire	Ouvriers
matelot	Ouvriers
mécanicien	Ouvriers
mécanicien ajusteur	Ouvriers
mécanicien électricien	Ouvriers
mécaniste	Ouvriers
mécano	Ouvriers
méger	Ouvriers
mégissier	Ouvriers
méhariste	Ouvriers
messer	Ouvriers
métallo	Ouvriers
métallurgiste	Ouvriers
métayer	Ouvriers
mêtreur	Ouvriers
meulier	Ouvriers
mineur	Ouvriers
minier	Ouvriers
miroitier	Ouvriers
monteur fumiste	Ouvriers
monteur-ajusteur	Ouvriers
mouleur	Ouvriers
mouleur en bronze	Ouvriers
mouleur sur cuivre	Ouvriers
opérateur	Ouvriers
opérateur de cinéma	Ouvriers
outilleur	Ouvriers
ouvrier	Ouvriers
ouvrier agricole	Ouvriers
ouvrier bisquetier	Ouvriers
ouvrier bonnetier	Ouvriers
ouvrier boulanger	Ouvriers
ouvrier boulanger électricien	Ouvriers
ouvrier d'usine	Ouvriers
ouvrier de fabrique	Ouvriers
ouvrier de filature	Ouvriers
ouvrier électricien	Ouvriers
ouvrier en chaussures	Ouvriers
ouvrier fondeur	Ouvriers
ouvrier horloger	Ouvriers
ouvrier mécanicien	Ouvriers
ouvrier pâtissier	Ouvriers
ouvrier quincailler	Ouvriers
ouvrier quinier	Ouvriers
palfrenier	Ouvriers
passementier	Ouvriers
paveur	Ouvriers
peaucier	Ouvriers
peaussier	Ouvriers
pêcheur	Ouvriers
peintre en bâtiments	Ouvriers
peintre en lettres	Ouvriers
peintre en voitures	Ouvriers
pelletier	Ouvriers
perceur	Ouvriers
pierrier	Ouvriers
piqueur de dessin	Ouvriers
plombier-couvreur	Ouvriers
polisseur	Ouvriers
polisseur en métaux	Ouvriers
poseur de voies	Ouvriers
puisatier	Ouvriers
ramoneur	Ouvriers
rattacheur	Ouvriers
rempailleur ambulant	Ouvriers
rempailleur de chaises	Ouvriers
riveur	Ouvriers
sapeur-pompier	Ouvriers
scieur	Ouvriers
scieur de long	Ouvriers
soldat boulanger	Ouvriers
soutier	Ouvriers
terrassier	Ouvriers
terrassier-mineur	Ouvriers
tisserand	Ouvriers
tisseur	Ouvriers
tôlier	Ouvriers
tôlier en automobiles	Ouvriers
tonnelier	Ouvriers
tourneur	Ouvriers
tourneur ajusteur	Ouvriers
tourneur mécanicien	Ouvriers
tourneur sur métaux	Ouvriers
travailleur	Ouvriers
tripier	Ouvriers
tripière	Ouvriers
tulliste	Ouvriers
tuyauteur	Ouvriers
voiturier	Ouvriers
Fraiseur-perceur	Ouvriers
chaisier	Ouvriers
cordier	Ouvriers
batelier-marinier	Ouvriers
charretier - liveur	Ouvriers
ajusteur - limeur	Ouvriers
conducteur	Ouvriers
mécanicien des chemins de fer	Ouvriers
abbé	Professions intermédiaires
accessoiriste	Professions intermédiaires
agent	Professions intermédiaires
agent de police	Professions intermédiaires
aide-comptable	Professions intermédiaires
aide-infirmier	Professions intermédiaires
ambulancier	Professions intermédiaires
aumônier	Professions intermédiaires
automobiliste	Professions intermédiaires
brancardier	Professions intermédiaires
camelot	Professions intermédiaires
chef	Professions intermédiaires
chef mécanicien	Professions intermédiaires
chef-adjoint	Professions intermédiaires
clerc	Professions intermédiaires
clerc de notaire	Professions intermédiaires
commis-pharmacien	Professions intermédiaires
comptable	Professions intermédiaires
contremaître	Professions intermédiaires
démineur	Professions intermédiaires
détective privé	Professions intermédiaires
douanier	Professions intermédiaires
éducateur	Professions intermédiaires
employé de banque	Professions intermédiaires
enseignant	Professions intermédiaires
ex-apprenti	Professions intermédiaires
ex-maître	Professions intermédiaires
ex-monteur	Professions intermédiaires
ex-pharmacien	Professions intermédiaires
facturier	Professions intermédiaires
faiseur	Professions intermédiaires
footballeur	Professions intermédiaires
formateur	Professions intermédiaires
gabier	Professions intermédiaires
greffier	Professions intermédiaires
greffier de justice	Professions intermédiaires
guérisseur	Professions intermédiaires
huissier	Professions intermédiaires
infirmier	Professions intermédiaires
infirmière-major	Professions intermédiaires
instituteur	Professions intermédiaires
instructeur	Professions intermédiaires
jésuitière	Professions intermédiaires
kinésithérapeute	Professions intermédiaires
louvetier	Professions intermédiaires
mainteneur	Professions intermédiaires
maître	Professions intermédiaires
maître-chien	Professions intermédiaires
maîtresse	Professions intermédiaires
marinier	Professions intermédiaires
marinier pilote	Professions intermédiaires
masseur	Professions intermédiaires
médecin-général	Professions intermédiaires
militaire	Professions intermédiaires
minéralier	Professions intermédiaires
moine	Professions intermédiaires
officiant	Professions intermédiaires
optométriste	Professions intermédiaires
orthopédiste	Professions intermédiaires
ostéopathe	Professions intermédiaires
percepteur	Professions intermédiaires
pigeonnier	Professions intermédiaires
pigiste	Professions intermédiaires
pompier	Professions intermédiaires
premier-maître	Professions intermédiaires
prêtre-ouvrier	Professions intermédiaires
prothésiste	Professions intermédiaires
puériculteur	Professions intermédiaires
quartier-maître	Professions intermédiaires
représentant de commerce	Professions intermédiaires
sauveteur	Professions intermédiaires
scaphandrier	Professions intermédiaires
secouriste	Professions intermédiaires
secrétaire de mairie	Professions intermédiaires
soigneur	Professions intermédiaires
surveillant	Professions intermédiaires
technicien	Professions intermédiaires
thérapeute	Professions intermédiaires
typographe	Professions intermédiaires
urgentiste	Professions intermédiaires
vétérinaire	Professions intermédiaires
voyageur de commerce	Professions intermédiaires
sommelier	Professions intermédiaires
boxeur	Professions intermédiaires
bourrier	Agriculteurs
courtillière	Agriculteurs
